,City,Country,Lat,Lng,Max Temp,Humidity,Cloudiness,Wind Speed,Description
0,Comodoro Rivadavia,AR,-45.8667,-67.5,49.86,43,0,17.27,clear sky
1,Rikitea,PF,-23.1203,-134.9692,74.37,78,48,19.82,scattered clouds
2,New Norfolk,AU,-42.7826,147.0587,47.71,56,100,1.01,overcast clouds
3,Hithadhoo,MV,-0.6,73.0833,83.52,76,99,18.19,overcast clouds
4,Ancud,CL,-41.8697,-73.8203,51.33,48,1,8.25,clear sky
5,Busselton,AU,-33.65,115.3333,38.05,70,83,4.59,broken clouds
6,Alyangula,AU,-13.8483,136.4192,79.21,77,17,8.48,few clouds
7,Paamiut,GL,61.994,-49.6678,36.41,72,7,11.21,clear sky
8,Severo-Kurilsk,RU,50.6789,156.125,42.69,85,38,23.64,light rain
9,Namibe,AO,-15.1961,12.1522,64.02,73,89,10.31,overcast clouds
10,Poptun,GT,16.3311,-89.4169,75.9,90,97,2.91,overcast clouds
11,Mangrol,IN,21.1167,70.1167,81.14,82,66,8.19,broken clouds
12,Isangel,VU,-19.55,169.2667,78.39,81,1,1.88,clear sky
13,Yatou,CN,37.15,122.3833,63.5,72,100,10.02,light rain
14,Camacha,PT,33.0833,-16.3333,68.76,64,20,11.5,few clouds
15,Kavieng,PG,-2.5744,150.7967,80.58,79,100,10.29,moderate rain
16,Butaritari,KI,3.0707,172.7902,81.81,69,17,14.41,few clouds
17,Hilo,US,19.7297,-155.09,83.28,77,75,4.61,light rain
18,Albany,US,42.6001,-73.9662,62.8,95,100,1.52,overcast clouds
19,Margate,GB,51.3813,1.3862,55.69,75,66,1.01,broken clouds
20,Yelan-Kolenovskiy,RU,51.1632,41.151,46.11,53,68,11.36,broken clouds
21,Bredasdorp,ZA,-34.5322,20.0403,57.27,93,11,8.9,few clouds
22,Olga,RU,43.7444,135.2892,38.12,81,2,6.71,clear sky
23,Lebu,CL,-37.6167,-73.65,52.79,71,0,23.71,clear sky
24,Ola,RU,59.5833,151.2833,26.1,59,0,11.25,clear sky
25,Souillac,MU,-20.5167,57.5167,71.37,94,20,4.61,light rain
26,Vao,NC,-22.6667,167.4833,71.28,90,20,2.82,few clouds
27,Husavik,IS,66.0449,-17.3389,36.27,78,100,3.8,overcast clouds
28,Mahajanga,MG,-15.7167,46.3167,77.47,82,7,4.14,moderate rain
29,Sao Sebastiao,BR,-23.76,-45.4097,67.37,94,100,5.26,overcast clouds
30,Lima,PE,-12.0432,-77.0282,65.14,85,75,1.01,broken clouds
31,Chokurdakh,RU,70.6333,147.9167,21.02,89,99,9.86,overcast clouds
32,Dikson,RU,73.5069,80.5464,36.52,95,100,19.51,overcast clouds
33,Vallenar,CL,-28.5708,-70.7581,76.78,25,0,8.72,clear sky
34,Saint-Augustin,CA,51.226,-58.6502,58.26,48,8,6.26,clear sky
35,Qaanaaq,GL,77.484,-69.3632,27.72,92,100,5.5,overcast clouds
36,Svetlaya,RU,46.5389,138.3297,41.65,68,0,8.23,clear sky
37,Arraial Do Cabo,BR,-22.9661,-42.0278,71.46,83,90,8.05,overcast clouds
38,Kiruna,SE,67.8557,20.2251,43.72,87,23,16.11,few clouds
39,Lompoc,US,34.6391,-120.4579,86.02,44,1,9.22,clear sky
40,Broome,US,42.2506,-75.833,72.01,74,90,1.01,overcast clouds
41,Bethel,US,41.3712,-73.414,65.01,87,84,1.01,broken clouds
42,Upernavik,GL,72.7868,-56.1549,29.98,52,100,5.73,overcast clouds
43,Malkangiri,IN,18.35,81.9,74.91,92,8,1.54,clear sky
44,Yellowknife,CA,62.456,-114.3525,43.41,96,90,7.0,overcast clouds
45,Jinchang,CN,38.4953,102.1739,46.56,71,100,1.16,overcast clouds
46,Sibay,RU,52.7181,58.6658,35.74,53,100,2.71,overcast clouds
47,Victoria,HK,22.2855,114.1577,84.38,74,3,1.01,clear sky
48,Paoua,CF,7.2427,16.4406,69.69,93,100,2.53,overcast clouds
49,Abaetetuba,BR,-1.7181,-48.8825,86.04,73,100,7.9,overcast clouds
50,Qasigiannguit,GL,68.8193,-51.1922,35.85,71,87,7.76,overcast clouds
51,Galle,LK,6.0367,80.217,78.51,87,100,11.3,overcast clouds
52,Port Blair,IN,11.6667,92.75,79.97,82,97,9.6,overcast clouds
53,Ushuaia,AR,-54.8,-68.3,45.99,51,20,3.8,few clouds
54,Cherskiy,RU,68.75,161.3,6.67,98,98,2.93,overcast clouds
55,Punta Arenas,CL,-53.15,-70.9167,50.11,43,11,12.86,few clouds
56,Oxford,GB,51.7522,-1.256,53.47,79,20,1.01,few clouds
57,San Quintin,MX,30.4833,-115.95,74.5,65,12,10.92,few clouds
58,San Vicente,AR,-26.6167,-54.1333,73.38,53,88,1.5,overcast clouds
59,Yebaishou,CN,41.3975,119.6408,49.59,58,100,4.54,overcast clouds
60,Puerto Ayora,EC,-0.7393,-90.3518,71.55,85,68,5.99,broken clouds
61,Sioux Lookout,CA,50.1001,-91.917,74.05,39,49,8.43,scattered clouds
62,Rabupura,IN,28.25,77.6,89.56,60,53,4.45,broken clouds
63,Ekuvukeni,ZA,-28.4675,30.1551,59.04,86,43,4.16,scattered clouds
64,Mahebourg,MU,-20.4081,57.7,71.26,94,20,4.61,light rain
65,Tasiilaq,GL,65.6145,-37.6368,33.96,80,21,5.84,few clouds
66,Mildura,AU,-34.2,142.15,44.56,76,5,6.91,clear sky
67,Salani,IN,29.957,79.7127,61.65,81,0,4.63,clear sky
68,Vostok,RU,46.4856,135.8833,28.63,86,0,4.45,clear sky
69,Mataura,NZ,-46.1927,168.8643,49.48,96,100,5.17,overcast clouds
70,Chuy,UY,-33.6971,-53.4616,63.84,58,0,7.16,clear sky
71,Prince Rupert,CA,54.3161,-130.3201,51.98,56,56,5.39,broken clouds
72,Tezu,IN,27.9167,96.1667,72.84,78,69,2.75,broken clouds
73,Yulara,AU,-25.2406,130.9889,68.86,27,86,6.31,overcast clouds
74,Gizo,SB,-8.103,156.8419,82.4,74,100,8.32,light rain
75,Vardo,NO,70.3705,31.1107,52.0,81,40,16.11,scattered clouds
76,Rio Grande,BR,-32.035,-52.0986,66.31,57,0,10.76,clear sky
77,Den Helder,NL,52.9599,4.7593,55.98,88,90,11.99,overcast clouds
78,Bela Vista De Goias,BR,-16.9728,-48.9533,92.55,24,95,1.12,overcast clouds
79,Pacific Grove,US,36.6177,-121.9166,81.61,78,100,1.99,overcast clouds
80,Wajir,KE,1.7471,40.0573,82.69,43,31,22.17,scattered clouds
81,Balboa,CO,2.0396,-77.2168,66.76,87,100,2.82,moderate rain
82,Ribeira Grande,PT,38.5167,-28.7,73.8,94,75,10.36,broken clouds
83,Namatanai,PG,-3.6667,152.4333,78.84,84,100,7.67,moderate rain
84,Trinidad,BO,-14.8333,-64.9,87.96,41,65,6.76,broken clouds
85,Kapaa,US,22.0752,-159.319,82.72,70,20,1.99,few clouds
86,Gorontalo,ID,0.5412,123.0595,73.69,90,87,2.42,overcast clouds
87,Narsaq,GL,60.9167,-46.05,41.22,66,0,5.1,clear sky
88,Port Alfred,ZA,-33.5906,26.891,61.05,78,54,13.85,broken clouds
89,Bluff,NZ,-46.6,168.3333,49.8,95,100,7.85,light rain
90,Okato,NZ,-39.2,173.8833,57.42,96,100,11.48,overcast clouds
91,Bulungu,CD,-4.55,18.6,69.87,98,97,1.19,overcast clouds
92,Bambous Virieux,MU,-20.3428,57.7575,71.22,94,20,4.61,light rain
93,Lavrentiya,RU,65.5833,-171.0,36.23,99,100,7.16,light rain
94,Cape Town,ZA,-33.9258,18.4232,62.28,64,1,1.99,clear sky
95,Bosaso,SO,11.2842,49.1816,89.11,56,8,4.14,clear sky
96,Zaranj,AF,30.9667,61.8833,73.45,15,2,7.16,clear sky
97,Hobart,AU,-42.8794,147.3294,48.06,63,75,5.01,broken clouds
98,Tuktoyaktuk,CA,69.4541,-133.0374,30.02,83,100,16.37,overcast clouds
99,Avarua,CK,-21.2078,-159.775,77.05,73,29,18.41,scattered clouds
100,Barrow,US,71.2906,-156.7887,26.62,80,90,13.8,mist
101,Buraydah,SA,26.326,43.975,82.89,19,0,9.78,clear sky
102,Cabo San Lucas,MX,22.8909,-109.9124,95.5,62,0,7.18,clear sky
103,Castro,BR,-24.7911,-50.0119,65.39,84,93,8.72,overcast clouds
104,Fort Nelson,CA,58.8053,-122.7002,41.23,58,92,3.65,overcast clouds
105,Lexington,US,37.9887,-84.4777,78.42,65,40,1.99,scattered clouds
106,Grand Gaube,MU,-20.0064,57.6608,71.38,79,35,1.01,light rain
107,Mount Gambier,AU,-37.8333,140.7667,40.53,96,31,6.69,scattered clouds
108,Nhulunbuy,AU,-12.2333,136.7667,77.61,88,33,1.14,scattered clouds
109,Yakeshi,CN,49.2833,120.7333,32.79,70,75,2.66,broken clouds
110,Noumea,NC,-22.2763,166.4572,75.99,99,0,1.68,clear sky
111,Muros,ES,42.7762,-9.0603,65.84,90,6,5.39,clear sky
112,Saint-Philippe,RE,-21.3585,55.7679,69.39,84,22,5.68,few clouds
113,Geraldton,AU,-28.7667,114.6,48.61,87,40,4.61,scattered clouds
114,Hermanus,ZA,-34.4187,19.2345,57.79,84,13,9.22,few clouds
115,Shahr-E Babak,IR,30.1165,55.1186,70.47,22,0,4.25,clear sky
116,Codrington,AU,-38.2667,141.9667,40.75,92,56,8.88,broken clouds
117,Souris,CA,49.6172,-100.2612,85.73,19,100,18.14,overcast clouds
118,Mali,GN,12.079,-12.2982,62.91,88,32,1.45,scattered clouds
119,Faanui,PF,-16.4833,-151.75,78.06,71,44,15.26,scattered clouds
120,Kavaratti,IN,10.5669,72.642,81.27,82,98,14.9,overcast clouds
121,Juanjui,PE,-7.1779,-76.7314,84.18,73,58,3.47,broken clouds
122,Lakatoro,VU,-16.0999,167.4164,79.9,79,17,3.06,few clouds
123,Pizhma,RU,57.8642,47.1171,34.45,72,66,3.4,broken clouds
124,Half Moon Bay,US,37.4636,-122.4286,83.59,67,40,1.01,scattered clouds
125,Georgetown,MY,5.4112,100.3354,78.73,93,40,2.3,scattered clouds
126,Necochea,AR,-38.5473,-58.7368,69.04,56,100,8.9,light rain
127,Hasaki,JP,35.7333,140.8333,66.29,86,6,10.36,clear sky
128,Poso,ID,-1.3959,120.7524,76.24,76,99,4.61,overcast clouds
129,Olafsvik,IS,64.8945,-23.7142,40.19,71,99,15.12,overcast clouds
130,Atuona,PF,-9.8,-139.0333,78.21,76,74,22.12,broken clouds
131,East London,ZA,-33.0153,27.9116,61.47,78,58,8.75,broken clouds
132,Ketchikan,US,55.3422,-131.6461,48.67,57,1,12.66,clear sky
133,Nabire,ID,-3.3667,135.4833,75.02,91,100,2.93,overcast clouds
134,Iberia,US,29.9502,-91.7507,85.96,51,20,6.91,few clouds
135,Jamestown,US,42.097,-79.2353,75.29,79,64,4.0,broken clouds
136,Tautira,PF,-17.7333,-149.15,82.42,70,69,11.54,broken clouds
137,Miri,MY,4.4148,114.0089,77.92,85,95,6.2,overcast clouds
138,Port Hardy,CA,50.6996,-127.4199,46.38,93,100,4.52,moderate rain
139,Mar Del Plata,AR,-38.0023,-57.5575,71.62,58,0,15.01,clear sky
140,Sao Filipe,CV,14.8961,-24.4956,81.54,72,7,8.86,clear sky
141,Ixtapa,MX,20.7,-105.2,90.23,73,13,3.0,few clouds
142,Bathsheba,BB,13.2167,-59.5167,86.61,66,40,21.85,scattered clouds
143,Yaan,NG,7.3833,8.5667,77.74,85,97,5.39,overcast clouds
144,Vaini,TO,-21.2,-175.2,77.16,83,40,10.36,scattered clouds
145,Celestun,MX,20.8667,-90.4,83.39,68,43,9.93,scattered clouds
146,Gushikawa,JP,26.3544,127.8686,82.4,85,1,13.8,clear sky
147,Oxelosund,SE,58.6706,17.1015,55.89,100,75,12.66,broken clouds
148,Coronado,US,32.6859,-117.1831,82.35,69,40,8.05,scattered clouds
149,Gedo,ET,9.0167,37.45,52.83,88,87,1.28,overcast clouds
150,Diego De Almagro,CL,-26.3667,-70.05,75.61,18,0,11.07,clear sky
151,Vanimo,PG,-2.6741,141.3028,77.04,89,63,3.36,broken clouds
152,Carnarvon,AU,-24.8667,113.6333,59.07,67,34,17.27,scattered clouds
153,Tuatapere,NZ,-46.1333,167.6833,49.82,92,100,3.47,overcast clouds
154,Flin Flon,CA,54.7682,-101.865,57.29,22,100,12.97,overcast clouds
155,Vila Franca Do Campo,PT,37.7167,-25.4333,75.2,89,100,5.28,overcast clouds
156,Provideniya,RU,64.3833,-173.3,37.51,93,90,6.71,light rain
157,Winnemucca,US,40.973,-117.7357,78.85,13,1,4.61,clear sky
158,Stornoway,GB,58.2093,-6.3865,53.92,87,40,5.75,scattered clouds
159,Corner Brook,CA,48.9667,-57.9484,54.21,62,0,5.59,clear sky
160,Tabou,CI,4.423,-7.3528,78.01,86,8,5.95,clear sky
161,Makakilo City,US,21.3469,-158.0858,81.68,59,90,4.61,overcast clouds
162,Annau,TM,37.8876,58.516,58.77,36,0,4.45,clear sky
163,Saskylakh,RU,71.9167,114.0833,22.75,95,100,7.36,overcast clouds
164,Ozernovskiy,RU,51.5,156.5167,41.85,87,95,14.36,light rain
165,Ponta Delgada,PT,37.7333,-25.6667,75.51,94,40,8.05,scattered clouds
166,Hofn,IS,64.2539,-15.2082,39.6,64,100,9.4,overcast clouds
167,Smithers,CA,54.7804,-127.1743,46.56,46,100,2.04,overcast clouds
168,Nikolskoye,RU,59.7035,30.7861,51.87,70,97,12.12,overcast clouds
169,Kirakira,SB,-10.4544,161.9205,81.39,78,30,5.68,scattered clouds
170,Arman,RU,59.7,150.1667,25.27,56,0,9.57,clear sky
171,Payo,ID,-3.7508,103.6372,70.32,96,95,2.04,overcast clouds
172,Komsomolets,KZ,53.7453,62.0708,34.81,69,91,6.38,overcast clouds
173,Norman Wells,CA,65.282,-126.8329,31.93,81,25,7.92,scattered clouds
174,Xining,CN,36.6167,101.7667,47.05,88,100,3.13,overcast clouds
175,Chumikan,RU,54.7183,135.315,33.91,69,100,13.73,overcast clouds
176,Leeton,AU,-34.5667,146.4,40.89,75,1,4.03,clear sky
177,Limuru,KE,-1.1,36.65,56.64,76,100,9.17,overcast clouds
178,Khatanga,RU,71.9667,102.5,29.03,98,100,8.97,light snow
179,Lamu,KE,-2.2717,40.902,77.22,78,84,13.51,broken clouds
180,Tura,IN,25.5198,90.2201,71.82,93,2,2.89,clear sky
181,Melilla,ES,35.2937,-2.9383,64.78,72,0,0.0,clear sky
182,Bournemouth,GB,50.7205,-1.8795,54.82,84,20,1.01,few clouds
183,Pisco,PE,-13.7,-76.2167,66.02,80,100,6.2,overcast clouds
184,Saurimo,AO,-9.6608,20.3916,65.61,92,13,2.91,few clouds
185,Sinnamary,GF,5.3833,-52.95,84.27,69,85,9.04,overcast clouds
186,Dicabisagan,PH,17.0818,122.4157,77.0,93,100,3.56,moderate rain
187,Saint George,US,37.1041,-113.5841,84.63,32,1,5.99,clear sky
188,Kalmunai,LK,7.4167,81.8167,78.21,83,91,14.67,overcast clouds
189,Sao Joao Da Barra,BR,-21.6403,-41.0511,75.29,83,100,11.99,overcast clouds
190,Abu Samrah,SY,35.3029,37.1841,65.64,53,0,6.2,clear sky
191,Berdigestyakh,RU,62.0989,126.6992,26.29,95,82,5.26,broken clouds
192,Mulchen,CL,-37.7167,-72.2333,64.26,35,2,9.15,clear sky
193,Nemuro,JP,43.3236,145.575,48.97,80,100,4.61,light rain
194,Bahia Honda,CU,22.9036,-83.1592,87.17,59,13,9.6,few clouds
195,Juxtlahuaca,MX,17.4294,-99.1467,84.09,60,41,0.31,scattered clouds
196,Marseille,FR,43.3333,5.5,60.31,77,93,12.01,overcast clouds
197,Touros,BR,-5.1989,-35.4608,83.3,73,63,16.04,broken clouds
198,Lowestoft,GB,52.4752,1.7516,54.45,80,100,25.52,overcast clouds
199,Ponta Do Sol,PT,32.6667,-17.1,72.23,74,100,5.35,overcast clouds
200,Basco,PH,20.4487,121.9702,83.19,81,38,20.27,moderate rain
201,Tighina,MD,46.8306,29.4711,49.1,56,5,3.42,clear sky
202,Gordeyevka,RU,52.9569,31.9703,44.1,76,0,9.19,clear sky
203,Alice Springs,AU,-23.7,133.8833,63.95,27,4,5.75,clear sky
204,Arlit,NE,18.7369,7.3853,91.65,13,0,9.01,clear sky
205,Burgeo,CA,47.6167,-57.6152,56.75,60,0,14.25,clear sky
206,Beloha,MG,-25.1667,45.05,65.05,73,0,8.81,clear sky
207,Beidao,CN,34.5686,105.8933,52.14,97,100,2.44,light rain
208,Iqaluit,CA,63.7506,-68.5145,40.69,80,20,17.0,few clouds
209,Praya,CV,14.9215,-23.5087,81.14,78,20,17.27,few clouds
210,Mehran,IR,33.1222,46.1646,79.16,12,2,8.75,clear sky
211,Guna,IN,24.65,77.3167,78.1,73,62,4.21,broken clouds
212,Dongning,CN,44.0622,131.1207,42.3,67,98,4.27,overcast clouds
213,Thompson,CA,55.7435,-97.8558,55.09,24,100,7.67,overcast clouds
214,Hamilton,US,39.1834,-84.5333,82.26,67,90,1.01,overcast clouds
215,Cidreira,BR,-30.1811,-50.2056,61.34,53,0,8.46,clear sky
216,Tiksi,RU,71.6872,128.8694,28.6,90,100,13.47,overcast clouds
217,Vila,PT,42.0304,-8.1588,54.93,90,6,2.51,clear sky
218,Moose Factory,CA,51.2585,-80.6094,66.49,61,74,5.37,broken clouds
219,Lagos,NG,6.5833,3.75,77.29,92,93,6.13,light rain
220,Klaksvik,FO,62.2266,-6.589,43.72,76,98,10.49,overcast clouds
221,Bang Saphan,TH,11.2126,99.5117,77.16,88,100,4.72,moderate rain
222,Nishihara,JP,26.1842,127.7558,82.45,86,40,11.5,scattered clouds
223,Saldanha,ZA,-33.0117,17.9442,60.49,69,6,10.6,clear sky
224,Korla,CN,41.7597,86.1469,53.49,46,0,4.59,clear sky
225,Port Macquarie,AU,-31.4333,152.9167,51.89,52,0,5.21,clear sky
226,Port Elizabeth,ZA,-33.918,25.5701,61.11,84,10,11.12,clear sky
227,Sosnovo-Ozerskoye,RU,52.5249,111.5418,31.93,86,99,3.18,overcast clouds
228,Alofi,NU,-19.0595,-169.9187,78.69,78,75,11.5,broken clouds
229,Saint-Georges,GD,12.0564,-61.7485,81.97,77,34,15.43,scattered clouds
230,Canon City,US,38.441,-105.2424,81.03,21,1,7.0,clear sky
231,Andros Town,BS,24.7,-77.7667,84.16,68,4,9.64,clear sky
232,Port Hawkesbury,CA,45.6169,-61.3485,63.91,70,86,7.0,overcast clouds
233,Ravar,IR,31.2656,56.8055,74.5,16,0,4.23,clear sky
234,Pemberton,CA,50.3164,-122.8027,47.89,100,100,3.44,overcast clouds
235,Freeport,US,40.6576,-73.5832,66.99,70,90,1.01,overcast clouds
236,Madinat Sittah Uktubar,EG,29.8167,31.05,73.56,63,0,12.71,clear sky
237,Torbay,CA,47.6666,-52.7314,48.58,81,100,5.99,overcast clouds
238,Tailai,CN,46.3833,123.4,42.01,55,83,6.8,broken clouds
239,Evensk,RU,61.95,159.2333,29.77,57,100,12.64,overcast clouds
240,Surt,LY,31.2089,16.5887,75.2,70,0,11.97,clear sky
241,Clyde River,CA,70.4692,-68.5914,34.2,97,100,3.76,overcast clouds
242,Laguna,US,38.421,-121.4238,88.21,35,1,5.99,clear sky
243,Dongsheng,CN,39.8161,109.9776,46.13,88,100,4.74,light rain
244,Bubaque,GW,11.2833,-15.8333,83.44,69,100,2.33,overcast clouds
245,Skibotn,NO,69.3913,20.2679,51.89,84,49,9.84,scattered clouds
246,Sitka,US,57.0531,-135.33,44.49,65,1,3.44,clear sky
247,Santa Maria,BR,-29.6842,-53.8069,67.1,60,4,6.8,clear sky
248,Rudnyy,KZ,52.9594,63.1206,34.59,63,96,5.26,overcast clouds
249,Dingle,PH,10.9995,122.6711,74.16,96,100,1.68,overcast clouds
250,Komsomolskiy,UZ,40.4272,71.7189,59.72,36,96,6.91,overcast clouds
251,Coihaique,CL,-45.5752,-72.0662,54.21,30,20,4.61,few clouds
252,Manta,EC,-0.95,-80.7333,77.11,68,34,12.37,scattered clouds
253,Kahului,US,20.8947,-156.47,78.67,80,4,10.69,clear sky
254,Xinpu,CN,34.5997,119.1594,66.42,91,80,11.81,broken clouds
255,Hovd,MN,48.0056,91.6419,37.58,31,77,5.3,broken clouds
256,Vaitape,PF,-16.5167,-151.75,78.04,71,44,15.28,scattered clouds
257,Mocuba,MZ,-16.8392,36.9856,73.27,83,0,4.03,clear sky
258,Ignalina,LT,55.35,26.1667,49.01,70,100,14.83,overcast clouds
259,Kaitangata,NZ,-46.2817,169.8464,52.41,95,100,12.03,overcast clouds
260,Winslow,US,35.0242,-110.6974,59.18,88,90,4.61,overcast clouds
261,Soe,ID,-9.8607,124.284,64.4,85,54,1.59,broken clouds
262,Mandleshwar,IN,22.1833,75.6667,79.77,82,88,2.73,overcast clouds
263,Yeppoon,AU,-23.1333,150.7333,55.18,64,0,6.49,clear sky
264,Longyearbyen,SJ,78.2186,15.6401,33.85,89,98,9.73,overcast clouds
265,Ilo,PE,-17.6394,-71.3375,61.66,77,90,5.75,overcast clouds
266,Guerrero Negro,MX,27.9769,-114.0611,78.62,59,2,17.31,clear sky
267,Ayorou,NE,14.7308,0.9174,99.73,18,87,6.73,overcast clouds
268,Ahipara,NZ,-35.1667,173.1667,61.83,90,99,6.82,overcast clouds
269,Slobidka,UA,47.8869,29.3461,47.03,54,4,5.86,clear sky
270,Kodiak,US,57.79,-152.4072,44.33,94,100,3.24,overcast clouds
271,Ikot Ekpene,NG,5.1794,7.7108,75.69,93,100,5.21,overcast clouds
272,Pangody,RU,65.85,74.4859,40.28,90,100,10.13,light rain
273,San Jeronimo,PE,-11.9472,-75.2829,57.07,64,88,7.7,overcast clouds
274,Avera,US,33.194,-82.5271,76.51,70,100,5.57,light rain
275,Zhigansk,RU,66.7697,123.3711,28.33,89,100,14.34,overcast clouds
276,Sergeyevka,KZ,53.88,67.4158,27.07,81,13,3.71,few clouds
277,Samarai,PG,-10.6167,150.6667,79.61,82,50,13.67,scattered clouds
278,Airai,TL,-8.9266,125.4092,59.56,65,94,1.7,overcast clouds
279,Taicheng,CN,38.731,113.228,42.6,95,100,4.18,overcast clouds
280,Flinders,AU,-34.5833,150.8552,56.17,62,15,8.99,few clouds
281,Constantine,DZ,36.365,6.6147,61.74,75,15,4.52,few clouds
282,Nanortalik,GL,60.1432,-45.2371,38.17,77,0,8.37,clear sky
283,Taraza,CO,7.5836,-75.4007,84.13,86,90,2.86,overcast clouds
284,Natal,BR,-5.795,-35.2094,83.05,69,20,14.97,few clouds
285,Sape,BR,-7.0964,-35.2328,79.97,67,33,15.99,scattered clouds
286,Solnechnyy,RU,50.7214,136.6319,33.12,85,14,2.84,few clouds
287,Ostrovnoy,RU,68.0531,39.5131,47.26,89,100,28.72,overcast clouds
288,Bonnyville,CA,54.2668,-110.735,60.12,25,61,12.59,broken clouds
289,Aykhal,RU,66.0,111.5,24.62,92,100,17.85,overcast clouds
290,Kagoro,NG,9.6,8.3833,71.1,81,100,0.92,overcast clouds
291,Una,IN,20.8167,71.0333,80.71,77,100,4.76,overcast clouds
292,San Patricio,US,28.017,-97.5169,91.81,26,0,8.97,clear sky
293,Moron,AR,-34.6534,-58.6198,73.0,30,0,8.68,clear sky
294,Xinyu,CN,27.8043,114.9334,71.78,87,0,4.79,light rain
295,Doctor Arroyo,MX,23.6667,-100.1833,70.57,58,87,4.88,overcast clouds
296,Rawson,AR,-43.3002,-65.1023,47.8,64,89,32.88,light rain
297,Mayo,US,38.8876,-76.5119,82.74,89,90,10.0,mist
298,Muromtsevo,RU,56.3724,75.2418,27.18,87,11,6.02,few clouds
299,Kailua,US,21.4022,-157.7394,83.14,66,20,12.66,few clouds
300,Sunrise Manor,US,36.2111,-115.0731,83.89,37,75,6.91,broken clouds
301,Pandan,PH,14.0453,124.1694,76.73,93,100,6.78,moderate rain
302,Mirnyy,RU,62.5353,113.9611,28.26,95,91,4.74,overcast clouds
303,Poum,NC,-20.2333,164.0167,74.41,81,0,7.63,clear sky
304,Zupanja,HR,45.0775,18.6975,67.28,43,74,12.5,broken clouds
305,Puerto Ayacucho,VE,5.6639,-67.6236,88.56,67,92,2.71,moderate rain
306,Kungurtug,RU,50.5994,97.5228,28.92,64,17,1.74,few clouds
307,Loandjili,CG,-4.7561,11.8578,76.14,78,100,7.4,overcast clouds
308,Willmar,US,45.1219,-95.0433,76.95,44,1,6.91,clear sky
309,Forst,DE,51.7333,14.6333,58.86,92,100,4.76,overcast clouds
310,Kalevala,RU,65.2,31.1667,47.95,91,100,12.62,overcast clouds
311,El Tigre,VE,8.8875,-64.2454,89.08,45,89,11.99,overcast clouds
312,Plettenberg Bay,ZA,-34.0527,23.3716,57.31,88,0,4.85,clear sky
313,Ilhabela,BR,-23.7781,-45.3581,67.51,92,100,6.87,overcast clouds
314,Padang,ID,-0.9492,100.3543,77.27,88,100,2.51,overcast clouds
315,Rorvik,NO,64.8621,11.2373,46.51,100,0,1.14,clear sky
316,Plouzane,FR,48.3833,-4.6167,57.07,82,40,5.75,scattered clouds
317,Esperance,AU,-33.8667,121.9,49.84,68,97,11.03,overcast clouds
318,Shrigonda,IN,18.6167,74.6833,78.87,75,94,7.0,overcast clouds
319,Contamana,PE,-7.3333,-75.0167,85.53,61,91,1.7,overcast clouds
320,College,US,64.8569,-147.8028,37.22,90,75,0.0,broken clouds
321,Berlevag,NO,70.8578,29.0864,53.6,66,0,26.46,clear sky
322,Lata,PT,40.1629,-8.3327,64.04,96,6,2.8,clear sky
323,Port Lincoln,AU,-34.7333,135.8667,56.17,65,73,8.01,broken clouds
324,Gazanjyk,TM,39.2446,55.5154,59.52,36,22,19.44,few clouds
325,Vilhena,BR,-12.7406,-60.1458,81.03,67,100,4.27,moderate rain
326,Sovetskiy,RU,61.3614,63.5842,34.38,94,100,5.84,overcast clouds
327,Pevek,RU,69.7008,170.3133,27.95,93,100,19.22,light snow
328,Korem,ET,12.5058,39.5228,58.28,79,75,3.02,moderate rain
329,Dallas,US,32.7668,-96.7836,89.44,32,20,1.99,few clouds
330,Fortuna,US,40.5982,-124.1573,73.42,66,40,4.0,scattered clouds
331,Linguere,SN,15.3953,-15.1193,90.91,38,45,8.21,scattered clouds
332,Sobolevo,RU,54.4299,31.8996,42.48,86,0,9.33,clear sky
333,Puerto Escondido,MX,15.85,-97.0667,88.63,55,1,8.05,clear sky
334,Saint-Paul,RE,-21.0096,55.2707,69.91,83,10,1.72,clear sky
335,Waingapu,ID,-9.6567,120.2641,75.61,77,100,7.02,overcast clouds
336,Nouakchott,MR,18.0858,-15.9785,82.13,65,51,14.9,broken clouds
337,Kamenka,RU,51.3223,42.7678,41.38,50,3,9.66,clear sky
338,Hay River,CA,60.8156,-115.7999,37.36,81,75,10.36,broken clouds
339,Kropotkin,RU,45.4375,40.5756,50.32,71,100,22.88,overcast clouds
340,Okhotsk,RU,59.3833,143.3,26.22,70,6,15.05,clear sky
341,Hobyo,SO,5.3505,48.5268,78.94,84,2,18.5,clear sky
342,Pangnirtung,CA,66.1451,-65.7125,36.34,85,100,4.76,overcast clouds
343,Killeen,US,31.1171,-97.7278,89.62,26,1,13.8,clear sky
344,Homer,US,59.6425,-151.5483,46.29,68,90,0.0,light rain
345,Tambura,SS,5.6,27.4667,69.67,89,9,2.37,clear sky
346,Nome,US,64.5011,-165.4064,42.87,93,90,16.11,mist
347,Taikang,CN,46.8333,124.4167,41.85,63,68,8.01,broken clouds
348,Lidzbark Warminski,PL,54.1259,20.5795,57.4,45,4,21.81,clear sky
349,Constitucion,CL,-35.3333,-72.4167,60.71,55,100,17.6,overcast clouds
350,Hauterive,FR,46.0901,3.4459,54.36,92,38,5.28,scattered clouds
351,Merauke,ID,-8.4667,140.3333,73.44,90,100,9.66,overcast clouds
352,Ipixuna,BR,-1.7625,-48.8043,85.95,74,100,5.99,overcast clouds
353,Biak,ID,-0.9131,122.8766,75.52,75,100,2.53,overcast clouds
354,Navolato,MX,24.7672,-107.6944,97.12,51,0,5.59,clear sky
355,Adrar,MR,20.5022,-10.0711,93.33,10,1,6.2,clear sky
356,Tres Arroyos,AR,-38.3739,-60.2798,61.29,54,100,2.57,overcast clouds
357,Haines Junction,CA,60.7522,-137.5108,35.8,69,90,0.69,overcast clouds
358,Alugan,PH,12.2188,125.4808,75.42,93,100,3.49,overcast clouds
359,Antofagasta,CL,-23.65,-70.4,60.08,67,9,8.63,clear sky
360,Auriflama,BR,-20.6856,-50.5547,89.82,42,6,6.15,clear sky
361,Vytegra,RU,61.0064,36.4481,46.27,76,100,11.5,overcast clouds
362,Aras,ES,42.5617,-2.356,58.71,71,90,4.61,overcast clouds
363,Malpe,IN,13.35,74.7167,76.3,94,100,3.67,light rain
364,Lasa,IT,46.6166,10.7002,51.71,96,100,3.89,light rain
365,Matagami,CA,49.7502,-77.6328,64.89,47,4,3.47,clear sky
366,Cabra,ES,37.4725,-4.4421,67.44,53,99,3.53,overcast clouds
367,Gimli,CA,50.6336,-96.9907,86.43,31,95,20.33,overcast clouds
368,Tynda,RU,55.1667,124.7167,21.42,84,11,3.69,few clouds
369,Iranshahr,IR,27.2025,60.6848,83.14,18,4,5.93,clear sky
370,Matamoros,MX,25.5333,-103.25,82.51,39,40,10.36,scattered clouds
371,Hailar,CN,49.2,119.7,35.96,58,100,3.87,overcast clouds
372,Ewa Beach,US,21.3156,-158.0072,83.08,58,40,17.27,scattered clouds
373,Pemangkat,ID,1.1667,108.9667,80.29,81,100,9.57,overcast clouds
374,Kribi,CM,2.95,9.9167,77.95,88,98,6.08,light rain
375,Port Hedland,AU,-20.3167,118.5667,62.65,94,2,4.61,clear sky
376,Dhidhdhoo,MV,6.8833,73.1,81.66,80,100,18.88,moderate rain
377,Zarand,IR,30.8127,56.564,70.86,17,0,7.07,clear sky
378,Coquimbo,CL,-29.9533,-71.3436,58.73,72,20,13.8,few clouds
379,Abha,SA,18.2164,42.5053,66.45,73,0,5.75,clear sky
380,Bima,ID,-8.4667,118.7167,74.61,84,100,5.73,overcast clouds
381,Srandakan,ID,-7.9386,110.2506,75.33,85,100,8.39,overcast clouds
382,Morondava,MG,-20.2833,44.2833,77.38,74,0,10.27,clear sky
383,Nam Som,TH,17.7704,102.1895,73.96,93,78,1.39,broken clouds
384,Porto Belo,BR,-27.1578,-48.5531,67.96,69,100,5.73,overcast clouds
385,Bambanglipuro,ID,-7.95,110.2833,75.13,85,100,8.46,overcast clouds
386,Fuerte Olimpo,PY,-21.0415,-57.8738,96.51,31,25,5.88,scattered clouds
387,Maputo,MZ,-25.9653,32.5892,71.28,86,40,1.99,light rain
388,Jorhat,IN,26.75,94.2167,72.9,96,3,0.87,clear sky
389,Khani,GE,41.9563,42.9566,49.57,94,100,4.38,overcast clouds
390,Voloshka,RU,61.3314,40.0858,41.61,84,18,8.43,few clouds
391,Selenginsk,RU,52.0064,106.8647,28.81,78,17,2.57,few clouds
392,Puerto Carreno,CO,6.189,-67.4859,90.55,57,95,2.89,overcast clouds
393,Katsuura,JP,35.1333,140.3,70.2,82,99,13.58,overcast clouds
394,Sabzevar,IR,36.2126,57.6819,64.31,23,0,8.7,clear sky
395,Mananjary,MG,-21.2167,48.3333,69.66,79,55,3.04,broken clouds
396,Meulaboh,ID,4.1363,96.1285,76.06,87,100,3.36,overcast clouds
397,Walvis Bay,NA,-22.9575,14.5053,55.09,83,0,4.14,clear sky
398,Hervey Bay,AU,-25.2986,152.8535,60.04,60,0,10.63,clear sky
399,Texarkana,US,33.4251,-94.0477,86.22,36,1,5.01,clear sky
400,Kutulik,RU,53.3508,102.7839,33.21,83,25,3.56,scattered clouds
401,Karratha,AU,-20.7377,116.8463,71.82,28,0,15.37,clear sky
402,Banda Aceh,ID,5.5577,95.3222,79.65,79,100,10.63,overcast clouds
403,Askarovo,RU,53.3372,58.5089,36.55,56,40,8.95,light rain
404,Barra Da Estiva,BR,-13.6261,-41.3269,85.03,21,99,8.16,overcast clouds
405,Juneau,US,58.3019,-134.4197,47.84,73,1,6.91,clear sky
406,Carmarthen,GB,51.8555,-4.3054,54.68,78,1,17.78,clear sky
407,Coahuayana,MX,18.7333,-103.6833,89.08,66,91,5.99,overcast clouds
408,Itarema,BR,-2.9248,-39.9167,81.3,76,84,18.43,broken clouds
409,Salalah,OM,17.0151,54.0924,80.69,94,75,6.91,broken clouds
410,Sechelt,CA,49.4664,-123.7694,57.76,93,100,15.68,overcast clouds
411,San Juan,AR,-31.5375,-68.5364,80.28,10,0,15.52,clear sky
412,Talcahuano,CL,-36.7167,-73.1167,62.28,59,20,20.71,few clouds
413,Olenegorsk,RU,68.15,33.3,47.17,93,100,15.08,overcast clouds
414,Visnes,NO,59.3556,5.2242,53.49,87,20,5.75,few clouds
415,Anloga,GH,5.7947,0.8973,80.24,80,98,7.7,light rain
416,Yumen,CN,40.2833,97.2,47.93,42,0,5.55,clear sky
417,Mandalgovi,MN,45.7625,106.2708,38.52,48,12,8.14,few clouds
418,Hokitika,NZ,-42.7167,170.9667,53.33,86,100,5.66,moderate rain
419,Ust-Uda,RU,54.1742,103.0304,33.26,75,16,2.13,few clouds
420,Port Shepstone,ZA,-30.7414,30.455,63.72,95,100,11.7,moderate rain
421,Pierre,US,44.3683,-100.351,86.92,25,1,4.0,clear sky
422,Cap Malheureux,MU,-19.9842,57.6142,71.47,79,49,1.01,light rain
423,Kloulklubed,PW,7.0419,134.2556,82.62,78,100,20.24,overcast clouds
424,Matara,LK,5.9485,80.5353,77.29,89,100,10.4,overcast clouds
425,Launceston,AU,-41.45,147.1667,45.81,79,53,1.99,broken clouds
426,Bhawana,PK,31.5692,72.649,82.54,53,0,4.23,clear sky
427,Galveston,US,29.3669,-94.9669,89.64,51,1,1.01,clear sky
428,Nador,MA,35.174,-2.9287,64.65,72,0,0.0,clear sky
429,Sechura,PE,-5.5569,-80.8222,72.91,64,27,17.05,scattered clouds
430,Shimoda,JP,34.6667,138.95,69.1,81,88,9.91,overcast clouds
431,Serebryanyy Bor,RU,56.8,124.8,25.5,96,100,3.13,light snow
432,Stanovoye,RU,52.7638,38.3582,44.67,68,95,7.2,overcast clouds
433,Sagauli,IN,26.7833,84.7333,80.17,79,96,7.67,overcast clouds
434,Port Moresby,PG,-9.4431,147.1797,73.78,89,100,4.54,overcast clouds
435,Saint Pete Beach,US,27.7253,-82.7412,90.34,64,90,1.01,overcast clouds
436,Pechenga,RU,69.5259,31.1703,52.66,86,100,23.69,overcast clouds
437,Talnakh,RU,69.4865,88.3972,33.57,100,100,5.26,light rain
438,Kruisfontein,ZA,-34.0033,24.7314,58.89,92,0,6.8,clear sky
439,Otradnoye,RU,59.7775,30.8181,52.03,69,98,12.24,overcast clouds
440,Zyryanovsk,KZ,49.7386,84.2719,34.36,100,100,3.56,moderate rain
441,Vestmannaeyjar,IS,63.4427,-20.2734,43.63,89,100,24.47,overcast clouds
442,Weligama,LK,5.9667,80.4167,77.5,89,100,10.25,overcast clouds
443,Galiakot,IN,23.5167,74.0,83.77,67,95,1.21,overcast clouds
444,Portland,US,45.5234,-122.6762,58.62,93,90,1.01,moderate rain
445,Puerto Baquerizo Moreno,EC,-0.9,-89.6,74.39,73,75,11.5,broken clouds
446,Batagay,RU,67.6333,134.6333,21.78,79,95,5.21,overcast clouds
447,Imeni Poliny Osipenko,RU,52.4201,136.4853,30.06,71,64,0.34,broken clouds
448,Kieta,PG,-6.2167,155.6333,79.14,83,100,1.79,light rain
449,Berkak,NO,62.825,10.0118,45.43,82,100,6.13,overcast clouds
450,Naberera,TZ,-4.2,36.9333,65.03,63,25,10.27,scattered clouds
451,Turukhansk,RU,65.8167,87.9833,32.23,99,100,16.2,snow
452,Dunmore Town,BS,25.5,-76.65,82.31,69,1,3.06,clear sky
453,Cayenne,GF,4.9333,-52.3333,87.84,77,0,4.0,clear sky
454,Jumla,NP,29.2747,82.1838,57.07,80,58,0.09,broken clouds
455,Lanzhou,CN,36.0564,103.7922,51.87,78,100,2.46,overcast clouds
456,Pinawa,CA,50.1489,-95.8811,84.51,21,22,13.76,few clouds
457,Lalmohan,BD,22.3384,90.7419,81.05,81,95,5.66,overcast clouds
458,Canberra,AU,-35.2835,149.1281,41.11,88,4,0.0,clear sky
459,Tripoli,LY,32.8752,13.1875,81.03,60,0,16.06,clear sky
460,Oranjemund,NA,-28.55,16.4333,58.64,78,81,2.77,broken clouds
461,Lorengau,PG,-2.0226,147.2712,80.22,80,100,5.68,light rain
462,Mitsamiouli,KM,-11.3847,43.2844,75.78,83,9,2.75,clear sky
463,Kuusankoski,FI,60.907,26.6244,48.72,99,40,5.01,light rain
464,Milton,US,34.1322,-84.3007,72.19,92,100,7.56,overcast clouds
465,Asau,RO,46.4333,26.4,45.75,63,0,2.15,clear sky
466,Lixourion,GR,38.2019,20.4314,66.2,77,0,0.0,clear sky
467,Hanzhong,CN,33.0728,107.0303,56.08,97,100,0.54,light rain
468,Roald,NO,62.5833,6.1333,54.91,93,75,5.75,broken clouds
469,Tagusao,PH,9.1924,117.8141,77.92,86,100,5.86,moderate rain
470,Vuktyl,RU,63.8567,57.3094,35.28,96,42,5.14,scattered clouds
471,Graaff-Reinet,ZA,-32.2522,24.5308,54.91,77,5,3.53,clear sky
472,Janauba,BR,-15.8025,-43.3089,99.7,16,38,11.74,scattered clouds
473,Shelburne,CA,44.0787,-80.2041,62.04,96,98,5.68,overcast clouds
474,Jambi,ID,-1.6,103.6167,74.07,98,100,4.23,overcast clouds
475,Livingstonia,MW,-10.606,34.1063,68.13,58,6,5.77,clear sky
476,Qurayyat,SA,31.3318,37.3428,70.57,48,0,12.17,clear sky
477,Naze,JP,28.3667,129.4833,76.96,72,71,17.56,broken clouds
478,Liwale,TZ,-9.7667,37.9333,69.94,64,7,4.99,clear sky
479,Faya,SA,18.3851,42.4509,66.72,42,100,7.43,overcast clouds
480,Semporna,MY,4.4818,118.6112,80.26,82,100,4.07,overcast clouds
481,Black Diamond,US,47.3087,-122.0032,55.56,94,100,3.0,moderate rain
482,Lazurne,UA,46.084,32.5295,58.23,55,83,23.6,broken clouds
483,Boden,SE,65.8252,21.6886,48.2,94,56,9.1,broken clouds
484,Casa Nova,BR,-9.4167,-41.1333,96.78,23,26,12.06,scattered clouds
485,Paita,PE,-5.0892,-81.1144,79.36,73,23,16.35,few clouds
486,Hambantota,LK,6.1241,81.1185,79.12,82,100,16.15,overcast clouds
487,Kharan,PK,28.5833,65.4167,77.29,11,3,4.36,clear sky
488,Marsabit,KE,2.3284,37.9899,72.9,37,31,18.28,scattered clouds
489,Marsa Matruh,EG,31.3525,27.2453,71.24,65,0,7.99,clear sky
490,Kommunisticheskiy,RU,61.6789,64.4819,34.16,93,99,6.02,overcast clouds
491,Igarka,RU,67.4667,86.5833,35.02,99,100,14.14,light rain
492,Amapa,BR,1.0,-52.0,83.44,66,99,2.24,overcast clouds
493,Raudeberg,NO,61.9875,5.1352,53.2,81,100,3.0,light rain
494,Marawi,PH,7.9986,124.2928,66.65,86,95,2.62,light rain
495,Ormara,PK,25.2088,64.6357,80.01,85,0,9.51,clear sky
496,Jipijapa,EC,-1.3333,-80.5833,79.48,58,78,7.16,broken clouds
497,Lumeje,AO,-11.55,20.7833,67.82,81,51,2.64,light rain
498,Shingu,JP,33.7333,135.9833,64.4,72,49,6.13,scattered clouds
499,Castro Alves,BR,-12.7656,-39.4283,84.16,46,89,12.82,overcast clouds
500,Taoudenni,ML,22.6783,-3.9836,96.71,9,5,9.08,clear sky
501,Nkhotakota,MW,-12.9274,34.2961,78.64,52,1,2.04,clear sky
502,Lander,US,42.833,-108.7307,76.1,18,1,9.22,clear sky
503,Pasaje,EC,-3.3333,-79.8167,75.27,65,77,6.11,broken clouds
504,Grindavik,IS,63.8424,-22.4338,41.9,87,90,12.66,overcast clouds
505,Juba,SS,4.8517,31.5825,75.76,74,55,4.09,broken clouds
506,Port-Gentil,GA,-0.7193,8.7815,78.19,85,100,17.67,overcast clouds
507,Dondo,MZ,-19.6094,34.7431,72.91,89,9,5.19,clear sky
508,Caravelas,BR,-17.7125,-39.2481,77.77,77,83,10.47,broken clouds
509,Panjab,AF,34.388,67.0233,43.21,14,0,2.57,clear sky
510,Shetpe,KZ,44.1667,52.1167,45.91,48,100,20.98,overcast clouds
511,Gaziantep,TR,37.0594,37.3825,65.86,33,0,6.91,clear sky
512,Makueni,KE,-1.8041,37.6203,66.58,64,100,9.35,overcast clouds
513,Nuh,IN,28.1167,77.0167,89.67,59,48,4.38,scattered clouds
514,Saint-Joseph,RE,-21.3667,55.6167,68.38,84,12,4.34,few clouds
515,Amuntai,ID,-2.4177,115.2494,73.15,98,100,0.6,overcast clouds
516,Along,IN,28.1667,94.7667,67.73,94,15,1.5,few clouds
517,Parvatsar,IN,26.8833,74.7667,84.09,58,78,1.45,broken clouds
518,Konnur,IN,16.2,74.75,71.49,92,100,2.55,overcast clouds
519,Egvekinot,RU,66.3167,-179.1667,28.72,92,100,11.97,light snow
520,Alirajpur,IN,22.3031,74.3546,79.48,79,66,2.91,broken clouds
521,Qaqortoq,GL,60.7167,-46.0333,41.5,73,1,7.72,clear sky
522,Changde,CN,29.0464,111.6783,62.74,80,15,8.68,light rain
523,Mogzon,RU,51.7435,111.9606,30.52,84,81,2.13,broken clouds
524,Sur,OM,22.5667,59.5289,83.35,68,0,11.12,clear sky
525,Yicheng,CN,31.3705,119.8703,74.28,92,33,8.7,scattered clouds
526,Leningradskiy,RU,69.3833,178.4167,29.97,98,100,8.77,snow
527,Aldan,RU,58.6031,125.3894,26.53,98,100,2.28,light snow
528,Patacamaya,BO,-17.2333,-67.9167,58.05,43,99,13.65,overcast clouds
529,Blagoyevo,RU,63.3667,47.9167,41.56,85,22,7.87,few clouds
530,Yar-Sale,RU,66.8333,70.8333,38.3,88,100,11.03,overcast clouds
531,Charlestown,AU,-32.95,151.6667,53.73,62,18,1.99,few clouds
532,Luderitz,NA,-26.6481,15.1594,57.54,78,0,7.4,clear sky
533,Zaozerne,UA,45.1582,33.2787,52.95,73,100,23.44,overcast clouds
534,Ngunguru,NZ,-35.6167,174.5,62.17,85,100,5.48,overcast clouds
535,Dori,BF,14.0354,-0.0345,95.74,22,100,8.19,overcast clouds
536,Devrek,TR,41.2192,31.9558,49.8,93,15,4.21,few clouds
537,Serenje,ZM,-13.2325,30.2352,67.86,64,15,3.67,few clouds
538,San Felipe,VE,10.3399,-68.7425,84.52,69,99,2.98,overcast clouds
539,Ogbomosho,NG,8.133,4.25,75.51,89,78,3.58,moderate rain
540,Sao Felix Do Xingu,BR,-6.6447,-51.995,91.45,39,93,1.7,overcast clouds
541,Longido,TZ,-2.7333,36.6833,70.41,49,69,14.72,broken clouds
542,Pervomayskoye,RU,43.919,46.7102,55.26,75,100,17.56,overcast clouds
543,Sept-Iles,CA,50.2001,-66.3821,57.06,66,84,3.0,broken clouds
544,Tual,ID,-5.6667,132.75,81.45,76,95,9.33,overcast clouds
545,Beira,MZ,-19.8436,34.8389,73.49,94,20,5.75,few clouds
546,Kayes,ML,14.0,-11.0,83.48,55,55,5.66,broken clouds
547,Hurghada,EG,27.2574,33.8129,79.02,46,0,19.17,clear sky
548,Saqqez,IR,36.2499,46.2735,51.4,21,0,5.37,clear sky
549,Chalus,IR,36.655,51.4204,64.58,80,93,9.53,overcast clouds
550,Yauya,PE,-8.9833,-77.3,54.1,67,100,6.73,light rain
551,Savannah Bight,HN,16.45,-85.85,86.05,73,37,8.61,scattered clouds
552,Churapcha,RU,62.0025,132.4325,25.38,96,77,6.8,broken clouds
553,Bentiu,SS,9.2333,29.8333,77.65,77,100,5.12,overcast clouds
554,Gornopravdinsk,RU,60.05,69.9,34.12,94,100,4.07,overcast clouds
555,Luanda,AO,-8.8368,13.2343,72.93,79,84,12.73,broken clouds
556,Henties Bay,NA,-22.116,14.2845,54.86,87,2,5.01,clear sky
557,Tobermory,CA,45.2501,-81.6665,68.31,75,0,8.01,clear sky
558,Honolulu,US,21.3069,-157.8583,82.96,62,40,17.27,scattered clouds
559,Amazar,RU,53.858,120.875,28.63,90,6,2.66,clear sky
560,Paka,MY,4.6374,103.4368,77.72,87,100,2.35,overcast clouds
561,Kharod,IN,21.75,82.5667,76.89,88,40,2.86,scattered clouds
562,Sao Raimundo Nonato,BR,-9.0153,-42.6994,96.35,19,70,8.05,broken clouds
563,Aklavik,CA,68.2191,-135.0107,29.3,77,10,14.65,clear sky
564,Kajiado,KE,-1.8524,36.7768,65.5,52,100,14.16,overcast clouds
565,Olinda,BR,-8.0089,-34.8553,80.33,74,40,11.5,scattered clouds
566,Yaksatovo,RU,46.2434,48.0151,42.78,52,76,11.01,broken clouds
567,Havelock,US,34.8791,-76.9013,84.97,67,43,5.01,scattered clouds
568,Kenai,US,60.5544,-151.2583,41.14,80,90,4.61,overcast clouds
569,Mattru,SL,7.6244,-11.8332,76.06,96,94,3.78,overcast clouds
570,San Policarpo,PH,12.1791,125.5072,75.6,93,100,3.49,light rain
571,French Harbor,HN,16.35,-86.4333,87.8,82,40,1.99,scattered clouds
572,Kisangani,CD,0.5167,25.2,69.66,99,59,2.64,moderate rain
573,Te Anau,NZ,-45.4167,167.7167,49.26,93,100,1.19,overcast clouds
574,Tete,MZ,-16.1564,33.5867,84.52,46,3,11.54,clear sky
575,Bilma,NE,18.6853,12.9164,86.31,15,1,8.23,clear sky
576,Manokwari,ID,-0.8667,134.0833,78.4,78,100,2.57,overcast clouds
577,La Cruz,MX,23.9167,-106.9,88.29,58,0,6.08,clear sky
578,Tazovskiy,RU,67.4667,78.7,40.55,96,100,19.04,overcast clouds
579,Ilulissat,GL,69.2167,-51.1,35.62,38,75,20.71,broken clouds
580,Jizan,SA,17.3333,42.6667,88.56,63,97,2.8,overcast clouds
581,Najran,SA,17.4924,44.1277,76.78,17,100,1.79,overcast clouds
582,Vidim,RU,56.4088,103.1106,28.63,85,93,4.65,overcast clouds
583,Balsas,BR,-7.5325,-46.0356,101.61,16,95,6.46,overcast clouds
584,Makhinjauri,GE,41.6739,41.694,57.06,94,75,4.61,light intensity shower rain
585,Aksarka,RU,66.5606,67.7975,38.34,89,88,12.62,overcast clouds
586,Ranong,TH,9.9658,98.6348,76.05,92,100,5.77,moderate rain
587,Zeya,RU,53.75,127.2667,28.56,73,5,3.98,clear sky
588,Altay,CN,47.8667,88.1167,46.31,36,100,5.95,overcast clouds
589,Santa Rosa,PH,14.3122,121.1114,78.1,88,100,5.53,light rain
590,Bijie,CN,27.3125,105.2942,64.4,90,91,4.76,overcast clouds
591,Qui Nhon,VN,13.7667,109.2333,76.98,89,100,6.13,heavy intensity rain
592,Gezing,AT,47.9178,13.1299,60.96,97,75,4.61,light rain
593,Nalut,LY,30.3333,10.85,80.92,22,0,9.08,clear sky
594,Krivodol,BG,43.3744,23.4844,55.0,48,0,4.14,clear sky
595,Nkoteng,CM,4.5167,12.0333,70.02,95,87,1.28,overcast clouds
596,Karasuk,RU,53.7377,78.0403,32.77,100,100,11.14,snow
597,Verkhoturye,RU,58.8627,60.8054,34.34,83,100,4.25,overcast clouds
598,Nenjiang,CN,49.1833,125.2167,37.87,82,0,4.79,clear sky
599,Pacifica,US,37.6138,-122.4869,83.41,74,75,3.0,broken clouds
600,Praia Da Vitoria,PT,38.7333,-27.0667,73.76,95,70,9.71,broken clouds
601,Mindelo,CV,16.8901,-24.9804,78.35,73,20,28.77,few clouds
602,Leh,IN,34.1667,77.5833,48.11,36,1,4.45,clear sky
603,Charlottetown,CA,46.2352,-63.1267,64.56,63,26,5.99,scattered clouds
604,Havre-Saint-Pierre,CA,50.2334,-63.5986,51.44,76,98,14.27,overcast clouds
605,Banyo,CM,6.75,11.8167,65.12,96,100,3.91,light rain
606,Vila Velha,BR,-20.3297,-40.2925,71.94,82,99,10.54,overcast clouds
607,Albolote,ES,37.2309,-3.6551,67.55,52,0,3.44,clear sky
608,Kamina,CD,-8.7386,24.9906,67.71,91,100,2.48,moderate rain
609,Sisimiut,GL,66.9395,-53.6735,37.47,70,100,10.49,overcast clouds
610,Presidencia Roque Saenz Pena,AR,-26.7852,-60.4388,70.32,33,100,8.7,overcast clouds
611,Dodge City,US,37.7528,-100.0171,82.22,35,1,3.0,clear sky
612,Newtownards,GB,54.5924,-5.6909,51.75,84,75,4.0,broken clouds
613,Cascais,PT,38.6979,-9.4215,68.5,77,20,8.99,few clouds
614,Westport,US,41.1415,-73.3579,66.27,84,90,5.99,overcast clouds
615,Springdale,US,36.1867,-94.1288,78.53,51,40,8.01,scattered clouds
616,Mount Isa,AU,-20.7333,139.5,71.37,20,95,0.0,overcast clouds
617,Chapais,CA,49.7834,-74.8492,61.9,46,0,4.76,clear sky
618,La Ronge,CA,55.1001,-105.2842,52.18,34,100,14.32,overcast clouds
619,Itupiranga,BR,-5.1347,-49.3267,93.52,50,96,2.17,overcast clouds
620,Saint-Pierre,RE,-21.3393,55.4781,69.48,78,2,2.3,clear sky
621,Shar,KZ,49.5886,81.0453,34.03,80,100,9.73,overcast clouds
622,Sumatac,BA,45.0989,15.8575,62.22,87,100,4.45,light rain
623,Lagoa,PT,39.05,-27.9833,71.94,87,55,10.22,broken clouds
624,Nouadhibou,MR,20.931,-17.0347,70.43,84,0,24.58,clear sky
625,Dornbirn,AT,47.4167,9.7331,56.53,80,75,5.01,broken clouds
626,Timizart,DZ,36.8,4.2667,62.74,64,61,1.92,broken clouds
627,Kondinskoye,RU,59.6481,67.41,36.01,87,100,5.68,overcast clouds
628,Lagoa Formosa,BR,-18.7786,-46.4075,90.01,27,95,5.06,overcast clouds
629,Barmer,IN,25.75,71.3833,84.58,51,0,6.42,clear sky
630,Huron,US,41.1501,-82.5499,78.53,74,40,10.96,scattered clouds
631,Chase,CA,50.8165,-119.6857,62.2,52,100,5.32,overcast clouds
632,Fairbanks,US,64.8378,-147.7164,35.31,90,100,2.62,overcast clouds
633,Palauig,PH,15.435,119.9045,80.55,79,100,9.15,light rain
634,Bagdarin,RU,54.4333,113.6,26.96,70,23,1.28,few clouds
635,Shahrud,IR,36.4182,54.9763,58.42,69,1,11.43,clear sky
636,Were Ilu,ET,10.6,39.4333,52.56,78,23,2.77,few clouds
637,Rio Grande City,US,26.3798,-98.8203,92.82,23,0,10.58,clear sky
638,Kaeo,NZ,-35.1,173.7833,62.33,97,100,3.89,overcast clouds
639,Mizdah,LY,31.4451,12.9801,75.51,36,0,8.14,clear sky
640,Novoagansk,RU,61.9449,76.6625,33.55,98,100,8.59,overcast clouds
641,Sulangan,PH,11.1373,123.7228,79.41,85,100,10.6,overcast clouds
642,Flers,FR,48.7372,-0.5747,52.05,88,10,9.17,clear sky
643,Sarai,RU,53.7458,41.0213,40.87,64,3,6.44,clear sky
644,Charters Towers,AU,-20.1,146.2667,68.18,97,98,6.98,overcast clouds
645,Lodhran,PK,29.5405,71.6336,83.35,52,0,5.44,clear sky
646,Limbang,MY,4.75,115.0,77.11,96,91,2.86,overcast clouds
647,Formosa Do Rio Preto,BR,-11.0483,-45.1931,98.62,15,12,7.36,few clouds
648,Camana,PE,-16.6228,-72.7111,63.9,76,100,8.05,overcast clouds
649,Macaubas,BR,-13.0194,-42.6986,96.08,12,34,8.32,scattered clouds
650,Japura,ID,-0.3167,102.35,74.75,94,89,2.15,overcast clouds
651,Tessalit,ML,20.1986,1.0114,90.82,12,10,10.29,clear sky
652,Jiwani,PK,25.05,61.7417,80.46,85,6,8.16,clear sky
653,Sotuta,MX,20.6,-89.0167,88.32,58,84,4.09,broken clouds
654,High Rock,BS,26.6208,-78.2833,82.56,72,5,12.17,clear sky
655,Kiunga,PG,-6.1219,141.2906,71.01,99,83,0.6,broken clouds
656,Sukhobuzimskoye,RU,56.5,93.2728,28.04,86,65,5.3,broken clouds
657,Angoche,MZ,-16.2325,39.9086,76.17,81,4,9.1,clear sky
658,Novo Aripuana,BR,-5.1206,-60.3797,98.01,30,99,4.88,overcast clouds
659,Ugoofaaru,MV,5.6667,73.0,82.62,76,100,19.28,overcast clouds
660,Dinajpur,BD,25.6272,88.6386,75.94,94,30,6.06,scattered clouds
661,Belaya Gora,RU,68.5333,146.4167,21.79,67,100,9.01,overcast clouds
662,Kupang,ID,-10.1667,123.5833,76.86,80,89,5.68,overcast clouds
663,Vangaindrano,MG,-23.35,47.6,68.94,79,84,6.02,broken clouds
664,Pringsewu,ID,-5.3582,104.9744,75.4,89,90,5.39,overcast clouds
665,Balykshi,KZ,47.0667,51.8667,37.4,44,0,13.42,clear sky
666,Ulcinj,ME,41.9294,19.2244,62.82,64,40,5.28,scattered clouds
667,Bardiyah,LY,31.7561,25.0865,71.13,63,0,8.66,clear sky
668,Anse-Bertrand,GP,16.4721,-61.5078,87.62,100,18,17.83,few clouds
669,Yambio,SS,4.5721,28.3955,69.67,89,35,0.87,light rain
670,Salinopolis,BR,-0.6136,-47.3561,83.21,68,61,12.01,broken clouds
671,Murwillumbah,AU,-28.3167,153.4,55.98,82,0,4.61,clear sky
672,Bilibino,RU,68.0546,166.4372,9.68,96,100,3.27,overcast clouds
673,Napasar,IN,27.9667,73.55,88.43,47,11,5.79,few clouds
674,Houma,US,29.5958,-90.7195,86.0,72,2,5.99,clear sky
675,Syracuse,IT,37.0881,15.2792,71.65,75,95,13.35,light rain
676,Merrill,US,45.1805,-89.6835,73.11,60,90,0.0,overcast clouds
677,Artyshta,RU,54.1222,86.2909,32.81,92,78,3.33,broken clouds
678,Herzberg,DE,51.6869,13.2202,55.53,100,75,4.61,broken clouds
679,La Concepcion,PA,8.5167,-82.6167,83.44,81,71,4.81,broken clouds
680,Indianola,US,41.3581,-93.5574,74.91,60,31,6.82,scattered clouds
681,Hualmay,PE,-11.0964,-77.6139,66.16,74,95,10.76,overcast clouds
682,Shaunavon,CA,49.6501,-108.4181,81.93,13,5,14.54,clear sky
683,Changchun,CN,43.88,125.3228,50.14,51,100,5.01,overcast clouds
684,Ust-Kulom,RU,61.6864,53.6902,35.62,94,65,5.06,broken clouds
685,Fukue,JP,32.6881,128.8419,76.23,63,0,7.58,clear sky
686,Porto Santo,PT,33.072,-16.3415,71.51,64,20,11.5,few clouds
687,Bafoulabe,ML,13.8065,-10.8321,82.63,60,41,4.12,scattered clouds
688,Vestmanna,FO,62.1564,-7.1664,41.92,100,20,6.91,few clouds
689,Hwange,ZW,-18.3693,26.5019,81.21,39,72,1.74,broken clouds
690,Firminopolis,BR,-16.5819,-50.305,90.32,32,84,2.28,broken clouds
691,Yerbogachen,RU,61.2767,108.0108,26.53,96,87,5.55,overcast clouds
692,Nyurba,RU,63.2842,118.3319,28.96,83,100,5.06,overcast clouds
693,Tortoli,IT,39.9256,9.6572,68.99,64,40,6.67,scattered clouds
694,Port Keats,AU,-14.25,129.55,78.91,83,7,6.46,clear sky
695,Todos Santos,MX,23.45,-110.2167,95.0,71,2,10.04,clear sky
696,Nakhon Phanom,TH,17.3333,104.4167,74.39,85,99,4.21,overcast clouds
697,Antanifotsy,MG,-19.65,47.3167,54.81,94,50,1.81,scattered clouds
698,Peniche,PT,39.3558,-9.3811,68.61,91,95,10.16,overcast clouds
699,Umm Kaddadah,SD,13.6017,26.6876,87.93,18,0,10.87,clear sky
700,Suntar,RU,62.1444,117.6319,29.7,95,94,4.54,overcast clouds
701,Maragogi,BR,-9.0122,-35.2225,76.71,76,69,6.87,broken clouds
702,Matane,CA,48.8286,-67.522,55.24,62,12,7.63,few clouds
703,Bethanien,NA,-26.502,17.1583,65.82,24,0,6.53,clear sky
704,Moyale,KE,3.5167,39.0584,75.7,44,69,7.94,broken clouds
705,The Pas,CA,53.8251,-101.2541,60.37,29,100,13.67,overcast clouds
706,Bulgan,MN,48.8125,103.5347,35.78,70,50,2.82,scattered clouds
707,Gat,IL,31.61,34.7642,74.08,65,0,4.34,clear sky
708,Waipawa,NZ,-41.4122,175.5153,55.45,91,99,6.26,overcast clouds
709,Zavodskoy,RU,43.4597,132.2922,33.39,93,81,2.24,broken clouds
710,Ardino,BG,41.5833,25.1333,53.8,76,0,2.66,clear sky
711,Heihe,CN,50.2441,127.4902,35.06,79,12,4.81,few clouds
712,Wamba,NG,8.9333,8.6,76.96,84,99,2.26,light rain
713,Buchanan,LR,5.8808,-10.0467,80.56,87,26,7.96,scattered clouds
714,North Bend,US,43.4065,-124.2243,56.25,96,90,3.44,mist
715,Iowa City,US,41.6611,-91.5302,72.46,60,90,8.05,overcast clouds
716,Mogwase,ZA,-25.185,27.2665,71.92,40,50,3.02,scattered clouds
717,Aromashevo,RU,56.8602,68.6375,28.92,83,92,4.34,overcast clouds
718,Tiarei,PF,-17.5333,-149.3333,82.42,68,20,13.67,few clouds
719,Corinto,GR,37.9407,22.9573,66.76,60,0,4.38,clear sky
